id,key,title,text,photo_id,alt
1,home-hero,Made slowly. Worn for years.,"Natural fibres, honest construction and colours that sit together. New pieces for the cold months are in.",101,Model in a cream trench and trousers against a warm studio wall
2,home-hero-alt,,,102,Model in a cream suit crouching in the studio
3,women,Women,"Dresses, knitwear, tailoring and coats.",103,Model in a long beige dress in a pale studio
4,men,Men,"Overcoats, knitwear, shirts and denim.",56,Man in a camel overcoat and roll neck
5,accessories,"Bags, shoes and the rest","Leather goods made to be repaired, not replaced.",66,Woman carrying a cognac leather tote at a flower market
6,knitwear,"Knitwear, considered","Our knits come from small mills that spin and knit in the same town. Undyed wool, two-ply cashmere, fine merino: chosen to last more than one winter.",104,Two people in beige knitwear in a wood-panelled room
7,atelier,From the atelier,"Every Halden piece is sampled in our studio before it is made. We cut, wear, wash and wear again, and only then do we order fabric.",105,A woman at a sewing machine in a bright studio
8,store,Visit the store,"Try everything on, have trousers hemmed while you wait, or collect an online order two hours after placing it.",106,Linen clothes on wooden hangers next to a tall cactus in a bright shop
9,care,Care for what you own,"Wash less, air more, fold knits instead of hanging them. A short guide to making clothes last.",107,Folded cream knitwear
10,portrait,,,108,Portrait of a woman in a grey turtleneck
