id,url,photographer,photographer_url,source_url
1,https://images.unsplash.com/photo-1706816997334-c51bcd0f52e0,Mohamed hamdi,https://unsplash.com/@amdshutter,https://unsplash.com/photos/9kbeSfpdjYs
2,https://images.unsplash.com/photo-1750064159040-c37883f82014,MANITO SILK,https://unsplash.com/@manitosilk_official,https://unsplash.com/photos/cKySi8KuPl8
3,https://images.unsplash.com/photo-1747396206869-75ea57b325ce,Reistor,https://unsplash.com/@reistor,https://unsplash.com/photos/dziVRZYOFpI
4,https://images.unsplash.com/photo-1504051771394-dd2e66b2e08f,Icons8 Team,https://unsplash.com/@icons8,https://unsplash.com/photos/6LZuSzSwso0
5,https://images.unsplash.com/photo-1696536451887-9825b5d689aa,Iryna Studenets,https://unsplash.com/@rudnrina,https://unsplash.com/photos/6XE8vz4bD5Q
6,https://images.unsplash.com/photo-1759229874810-26aa9a3dda92,MANITO SILK,https://unsplash.com/@manitosilk_official,https://unsplash.com/photos/FplK_1Z7798
7,https://images.unsplash.com/photo-1668028554553-f83cac89ce0f,Redd Francisco,https://unsplash.com/@reddfrancisco,https://unsplash.com/photos/LXbiomJ6who
8,https://images.unsplash.com/photo-1612872217406-ed2471abf0a0,Süheyl Burak,https://unsplash.com/@suheylburak,https://unsplash.com/photos/75tVklPmTiA
9,https://images.unsplash.com/photo-1629580626780-7fe7fb0523e9,Alessia Marusova,https://unsplash.com/@sherry_terry,https://unsplash.com/photos/KlkfFwXXbXc
10,https://images.unsplash.com/photo-1574201635302-388dd92a4c3f,Valna Studio,https://unsplash.com/@valnastudio,https://unsplash.com/photos/mU88MlEFcoU
11,https://images.unsplash.com/photo-1604573824419-289a9a10672c,Serafima Lazarenko,https://unsplash.com/@sera_fima,https://unsplash.com/photos/4vZEDN9qHzA
12,https://images.unsplash.com/photo-1634653131107-ecc30d4501ac,Kateryna Hliznitsova,https://unsplash.com/@kate_gliz,https://unsplash.com/photos/PMVYSAtLlLE
13,https://images.unsplash.com/photo-1581403341630-a6e0b9d2d257,Andrey Zvyagintsev,https://unsplash.com/@zvandrei,https://unsplash.com/photos/x0c6vTO5ibA
14,https://images.unsplash.com/photo-1785798456504-ef4b435b866f,Yaroslava Holiachenko,https://unsplash.com/@yara_gr,https://unsplash.com/photos/z9XO4vU3XJ0
15,https://images.unsplash.com/photo-1752486268414-39ca91421479,ZEELOOL Glasses,https://unsplash.com/@zeelool_official,https://unsplash.com/photos/tXh8IUQT1D4
16,https://images.unsplash.com/photo-1760552069049-600f71fa5bbf,amin naderloei,https://unsplash.com/@aminnaderloei,https://unsplash.com/photos/BqvCQjoxMHw
17,https://images.unsplash.com/photo-1548534796-12615d80396c,Juli Kosolapova,https://unsplash.com/@yuli_superson,https://unsplash.com/photos/_KUKzVutxBk
18,https://images.unsplash.com/photo-1543872981-578a0310c83a,the Bialons,https://unsplash.com/@bialons,https://unsplash.com/photos/nBDb1m-_nJA
19,https://images.unsplash.com/photo-1675379086716-95bf8a4d22f2,Quartier Libre Paris,https://unsplash.com/@quartierlibreparis,https://unsplash.com/photos/09iQ8pafMXU
20,https://images.unsplash.com/photo-1718278864821-aad0a8f4af4f,sombre,https://unsplash.com/@light_some_candles,https://unsplash.com/photos/zCZBhi4vWTc
21,https://images.unsplash.com/photo-1655203091785-9b07e64e4459,Minh Dang,https://unsplash.com/@dangminh97,https://unsplash.com/photos/ChOcB6XvBKI
22,https://images.unsplash.com/photo-1718278867451-0af1bcb0dfc5,sombre,https://unsplash.com/@light_some_candles,https://unsplash.com/photos/2jK5PeQmDsY
23,https://images.unsplash.com/photo-1741605037045-516447152dfa,Sergey Sokolov,https://unsplash.com/@svsokolov,https://unsplash.com/photos/J7k1iz__sHw
24,https://images.unsplash.com/photo-1595331187203-594837c3c13c,Eugenia Pan'kiv,https://unsplash.com/@eugenivy_now,https://unsplash.com/photos/3WUEXvBHD-Y
25,https://images.unsplash.com/photo-1684685833969-64a080d71aaf,Adam Blunt,https://unsplash.com/@jayee,https://unsplash.com/photos/uOAZfvoOiIs
26,https://images.unsplash.com/photo-1573638687899-e2758e4a373f,Levin Anton,https://unsplash.com/@levyphoto,https://unsplash.com/photos/NA972Mx7fu0
27,https://images.unsplash.com/photo-1598554747436-c9293d6a588f,KAi'S PHOTOGRAPHY,https://unsplash.com/@kaigabriel42,https://unsplash.com/photos/2s3GhhJz2uY
28,https://images.unsplash.com/photo-1754555009601-498e9873197e,Pesce Huang,https://unsplash.com/@pesce,https://unsplash.com/photos/nC4-PXzKZcI
29,https://images.unsplash.com/photo-1539533113208-f6df8cc8b543,Bundo Kim,https://unsplash.com/@bundo,https://unsplash.com/photos/zkHv9pvrE9U
30,https://images.unsplash.com/photo-1635097247472-dfc3e652db97,Eugenia Pan'kiv,https://unsplash.com/@eugenivy_now,https://unsplash.com/photos/euORuc7hHYE
31,https://images.unsplash.com/photo-1651491646869-3f18f4d30be0,Phindi H,https://unsplash.com/@glambaeofficial,https://unsplash.com/photos/NsvkoCYpgog
32,https://images.unsplash.com/photo-1723390926441-5840f12432fc,Vadim Berg,https://unsplash.com/@bergvadi,https://unsplash.com/photos/C1MRmjaASc4
33,https://images.unsplash.com/photo-1747817330505-20c1ac06b5b3,Alina Matveycheva,https://unsplash.com/@alinamatveycheva,https://unsplash.com/photos/AMI9_G61hq0
34,https://images.unsplash.com/photo-1747817330508-315506ed9487,Alina Matveycheva,https://unsplash.com/@alinamatveycheva,https://unsplash.com/photos/2UyY8ix-Dxg
35,https://images.unsplash.com/photo-1711024536430-621af5ddcb67,Gabriel Martin,https://unsplash.com/@diseniatica,https://unsplash.com/photos/Ml8nH8V1J5U
36,https://images.unsplash.com/photo-1611312449297-a69dc9c3987b,Caio Coelho,https://unsplash.com/@smokthebikini,https://unsplash.com/photos/NA9dtyWAFV4
37,https://images.unsplash.com/photo-1771092358890-0db24db44e56,Devin Santiago,https://unsplash.com/@ydcphotography,https://unsplash.com/photos/jaQTN9X98wA
38,https://images.unsplash.com/photo-1614495039268-aa9a80429b66,HamZa NOUASRIA,https://unsplash.com/@hamza01nsr,https://unsplash.com/photos/-2qhXcmJzOM
39,https://images.unsplash.com/photo-1516914943479-89db7d9ae7f2,Jeremie Aubut,https://unsplash.com/@jeaubut,https://unsplash.com/photos/mXu1SpzHq6w
40,https://images.unsplash.com/photo-1789141732594-207d0e61cdf8,ALIREZA Pandkhahi,https://unsplash.com/@kroba313,https://unsplash.com/photos/d-FYFOd7XEA
41,https://images.unsplash.com/photo-1604695573706-53170668f6a6,Ihor Rapita,https://unsplash.com/@rapitaihor,https://unsplash.com/photos/F3um9jkcCZY
42,https://images.unsplash.com/photo-1732605559386-bc59426d1b16,Neakasa,https://unsplash.com/@neakasa,https://unsplash.com/photos/HGqPrIJAOBY
43,https://images.unsplash.com/photo-1627686011747-74adda3d2343,Ricardo Morales,https://unsplash.com/@ricardoaaron,https://unsplash.com/photos/D_Y-BuWJvjw
44,https://images.unsplash.com/photo-1713881587420-113c1c43e28a,tian dayong,https://unsplash.com/@tonnnyj,https://unsplash.com/photos/S4f4apZd-hA
45,https://images.unsplash.com/photo-1782329993439-6bc0cc7bc7bf,Ramy Mamdouh,https://unsplash.com/@romba100,https://unsplash.com/photos/B7AXGc58Epk
46,https://images.unsplash.com/photo-1740711152088-88a009e877bb,Robert Richman,https://unsplash.com/@linenese_lifestyle,https://unsplash.com/photos/vcTKFYNZop4
47,https://images.unsplash.com/photo-1655742260938-82ab000acc2d,Elisa Photography,https://unsplash.com/@elisamoldovan,https://unsplash.com/photos/HUALZppg16k
48,https://images.unsplash.com/photo-1719418730257-a9da9282da37,Salah Regouane,https://unsplash.com/@salaheregouane,https://unsplash.com/photos/L9rgy8tscsQ
49,https://images.unsplash.com/photo-1668603145969-26173ef4e895,Mesut çiçen,https://unsplash.com/@mesutcicen,https://unsplash.com/photos/argkg3fGZ2Q
50,https://images.unsplash.com/photo-1586689311267-e88bb0509995,Thanos Pal,https://unsplash.com/@thanospal,https://unsplash.com/photos/TzOFHGBBKcU
51,https://images.unsplash.com/photo-1656600277220-fe7de4e9453c,Armin Karami,https://unsplash.com/@arminkarami,https://unsplash.com/photos/eGoDzmxOOW8
52,https://images.unsplash.com/photo-1619470148547-0adbfc64b595,Vlady Nykulyak,https://unsplash.com/@vlad_nyk95,https://unsplash.com/photos/xbZdXJ4MFzg
53,https://images.unsplash.com/photo-1714143164139-8fdc14bf3054,TuanAnh Blue,https://unsplash.com/@blueeyeaa,https://unsplash.com/photos/aO5KpUZ8bSc
54,https://images.unsplash.com/photo-1611007724518-5baaa6e24ce5,engin akyurt,https://unsplash.com/@enginakyurt,https://unsplash.com/photos/M-NPViXH_do
55,https://images.unsplash.com/photo-1714151676641-7be90ec47f09,Musa Ortaç,https://unsplash.com/@musaortac,https://unsplash.com/photos/tZhgzjYnGxQ
56,https://images.unsplash.com/photo-1619603364904-c0498317e145,Taras Chernus,https://unsplash.com/@chernus_tr,https://unsplash.com/photos/iIjResyhhW0
57,https://images.unsplash.com/photo-1619603364937-8d7af41ef206,Taras Chernus,https://unsplash.com/@chernus_tr,https://unsplash.com/photos/-au3XMzfhro
58,https://images.unsplash.com/photo-1732842430197-0ecd55fe98ea,GlassesShop,https://unsplash.com/@glassesshop_9,https://unsplash.com/photos/PFTjVsYUWzs
59,https://images.unsplash.com/photo-1737508945707-ebdccee97cc5,GlassesShop,https://unsplash.com/@glassesshop_9,https://unsplash.com/photos/rlqU2nuEbJQ
60,https://images.unsplash.com/photo-1641943632479-3798ef1e14c6,Mahdi Rafiee,https://unsplash.com/@mahdi_rafi_e,https://unsplash.com/photos/Tuo0DPsglnU
61,https://images.unsplash.com/photo-1610904496878-9b7d5799e3ff,David Suarez,https://unsplash.com/@davidprspctive,https://unsplash.com/photos/d2WqpviVzxM
62,https://images.unsplash.com/photo-1663573688915-c45fb3b45bba,Mediamodifier,https://unsplash.com/@mediamodifier,https://unsplash.com/photos/3ZVlU7xF0PM
63,https://images.unsplash.com/photo-1767164521355-855b4502abc1,Babak Eshaghian,https://unsplash.com/@babak22ir,https://unsplash.com/photos/BA8ERqWD4SE
64,https://images.unsplash.com/photo-1761956255479-484d7d4fe68a,Les Taylor,https://unsplash.com/@les_photograph,https://unsplash.com/photos/hZlTU_ViPCs
65,https://images.unsplash.com/photo-1624687943971-e86af76d57de,Ugluk Potroshitel,https://unsplash.com/@uglug,https://unsplash.com/photos/XwjrPFW7xw0
66,https://images.unsplash.com/photo-1780436935760-bf92c364776a,LOGAN WEAVER | @LGNWVR,https://unsplash.com/@lgnwvr,https://unsplash.com/photos/KM4O12CDWso
67,https://images.unsplash.com/photo-1732963947955-858ad7d5e540,Simply Mersah,https://unsplash.com/@simplymersah,https://unsplash.com/photos/6Rh4vvSaiSg
68,https://images.unsplash.com/photo-1718622795525-2295971921ba,PROBAG FACTORY,https://unsplash.com/@probagfactory,https://unsplash.com/photos/34mc9TqRznQ
69,https://images.unsplash.com/photo-1786872814428-1f0d8d685217,Volodymyr Kozhevnikov,https://unsplash.com/@vkozhevnikov,https://unsplash.com/photos/FYWNzQnXgsk
70,https://images.unsplash.com/photo-1765114459508-2666016760af,Solace Leather,https://unsplash.com/@solaceleather,https://unsplash.com/photos/4NVpQDko9vA
71,https://images.unsplash.com/photo-1722263433558-39e32afec072,Sherif Salem,https://unsplash.com/@sherifsalim1,https://unsplash.com/photos/7UtUF2esMhQ
72,https://images.unsplash.com/photo-1535120927584-0230f40fc1e2,Jan de Keijzer,https://unsplash.com/@woeiman,https://unsplash.com/photos/M0g1sV4SEdo
73,https://images.unsplash.com/photo-1777987601447-266e128de448,Husien Bisky,https://unsplash.com/@husien_bisky1,https://unsplash.com/photos/xPpfEQe0ZiY
74,https://images.unsplash.com/photo-1760616172899-0681b97a2de3,taha siddiqui,https://unsplash.com/@xxtahaxx,https://unsplash.com/photos/NySU2CFS9Eo
75,https://images.unsplash.com/photo-1608629601270-a0007becead3,Noah Smith,https://unsplash.com/@noahsmith,https://unsplash.com/photos/miNo_SFAcws
76,https://images.unsplash.com/photo-1710338514013-42de2bbc36d6,Rydale Clothing,https://unsplash.com/@rydaleclothing,https://unsplash.com/photos/VbF2tQsjhOM
77,https://images.unsplash.com/photo-1777987601677-3059be0e1388,Husien Bisky,https://unsplash.com/@husien_bisky1,https://unsplash.com/photos/AwhukWqsfSs
78,https://images.unsplash.com/photo-1777987601423-f350ac29b3e9,Husien Bisky,https://unsplash.com/@husien_bisky1,https://unsplash.com/photos/ju-B5nlGXzE
79,https://images.unsplash.com/photo-1608379743498-ac08f6d022ba,The DK Photography,https://unsplash.com/@deepain108,https://unsplash.com/photos/jc0o2j7T5LA
80,https://images.unsplash.com/photo-1620989928625-08536e746255,Ervan M Wirawan,https://unsplash.com/@ervan_me,https://unsplash.com/photos/PUw24-taMKc
81,https://images.unsplash.com/photo-1718365837137-13cbd931068a,Virginia Marinova,https://unsplash.com/@virginiaphotostories,https://unsplash.com/photos/kG7OFwBK8z4
82,https://images.unsplash.com/photo-1718365839003-b76ab753c61e,Virginia Marinova,https://unsplash.com/@virginiaphotostories,https://unsplash.com/photos/7QgqCICbgHI
83,https://images.unsplash.com/photo-1737061556932-f4930f59b8d0,Maria Kovalets,https://unsplash.com/@marylooo,https://unsplash.com/photos/7MJKlYg6Tc8
84,https://images.unsplash.com/photo-1737063206436-85afbf50e018,Maria Kovalets,https://unsplash.com/@marylooo,https://unsplash.com/photos/bymqYoPh76Y
85,https://images.unsplash.com/photo-1637820578444-ea7333b64a31,Sergey Sokolov,https://unsplash.com/@svsokolov,https://unsplash.com/photos/SXck496Sg54
86,https://images.unsplash.com/photo-1737053595816-73f1b519a82c,Maria Kovalets,https://unsplash.com/@marylooo,https://unsplash.com/photos/RgEaD36YYGI
87,https://images.unsplash.com/photo-1591132343561-a204669e59d7,Brandon Russell,https://unsplash.com/@brandonrussell,https://unsplash.com/photos/4_IIAJfoMQI
88,https://images.unsplash.com/photo-1674433859621-979ae6e39c1a,Brandon Zacharias,https://unsplash.com/@brandonzchrs,https://unsplash.com/photos/-xOrRBn02XI
89,https://images.unsplash.com/photo-1666723043169-22e29545675c,Muhammet SAIN,https://unsplash.com/@kaviaq,https://unsplash.com/photos/tRu15nFN3Pw
90,https://images.unsplash.com/photo-1623393807193-e095f7944161,Gabrielle Henderson,https://unsplash.com/@gabriellefaithhenderson,https://unsplash.com/photos/nUKN8Zat5dA
91,https://images.unsplash.com/photo-1777795530497-205664bbd965,Branislav Rodman,https://unsplash.com/@branislavrodman,https://unsplash.com/photos/XJJRjzkYTiY
92,https://images.unsplash.com/photo-1777795530530-7823b2913e68,Branislav Rodman,https://unsplash.com/@branislavrodman,https://unsplash.com/photos/9dY6seXaLx4
93,https://images.unsplash.com/photo-1632525230528-ec17c49bc168,JESUS ECA,https://unsplash.com/@jesus_eca,https://unsplash.com/photos/DRbPrVTyTyA
94,https://images.unsplash.com/photo-1671644730555-916aa8d8157f,Ruan Richard Rodrigues,https://unsplash.com/@ricdeoliveira,https://unsplash.com/photos/s9idT2PQUt4
95,https://images.unsplash.com/photo-1614674688981-afa9d1a291ef,Mykola Kolya Korzh,https://unsplash.com/@kolyakorzh,https://unsplash.com/photos/EO_5VqM03IA
96,https://images.unsplash.com/photo-1614674689010-fd47f4299bf6,Mykola Kolya Korzh,https://unsplash.com/@kolyakorzh,https://unsplash.com/photos/0UWgtExam8g
97,https://images.unsplash.com/photo-1764179690401-b7032ffaf7b1,amin naderloei,https://unsplash.com/@aminnaderloei,https://unsplash.com/photos/jN6BqIb-opc
98,https://images.unsplash.com/photo-1634665810235-011d663754e7,Kateryna Hliznitsova,https://unsplash.com/@kate_gliz,https://unsplash.com/photos/2NDtPNiLcD0
99,https://images.unsplash.com/photo-1772714601004-23b94ae3913d,Sẹ́gun Toríọlá,https://unsplash.com/@seguntoriola,https://unsplash.com/photos/SS1Oldoervo
100,https://images.unsplash.com/photo-1601379327928-bedfaf9da2d0,Tijana Drndarski,https://unsplash.com/@izgubljenausvemiru,https://unsplash.com/photos/Ds4TsdS095U
101,https://images.unsplash.com/photo-1779406165962-7df12de281b1,ola szkolda,https://unsplash.com/@olaszkolda,https://unsplash.com/photos/h8fJcfaARJg
102,https://images.unsplash.com/photo-1779406167603-d0afe0a4cdd7,ola szkolda,https://unsplash.com/@olaszkolda,https://unsplash.com/photos/2l4hIRNA5H8
103,https://images.unsplash.com/photo-1762605135012-56a59a059e60,Mina Rad,https://unsplash.com/@miinrad,https://unsplash.com/photos/2O2cXJemDmo
104,https://images.unsplash.com/photo-1759229875274-bd920070ceef,MANITO SILK,https://unsplash.com/@manitosilk_official,https://unsplash.com/photos/6mfBuNAC-g0
105,https://images.unsplash.com/photo-1626784579980-db39c1a13aa9,lucas Favre,https://unsplash.com/@we_are_rising,https://unsplash.com/photos/v8JtKauvvDk
106,https://images.unsplash.com/photo-1769107805528-964f4de0e342,Caroline Badran,https://unsplash.com/@___atmos,https://unsplash.com/photos/A2M4F2Ryk10
107,https://images.unsplash.com/photo-1633943934209-31b7f3775fee,Kateryna Hliznitsova,https://unsplash.com/@kate_gliz,https://unsplash.com/photos/5MtJ_fsAR2s
108,https://images.unsplash.com/photo-1637325262485-5cf1abb98c05,Teslariu Mihai,https://unsplash.com/@mihaiteslariu0,https://unsplash.com/photos/UWUlKFicthA
