id,slug,name,department,category_id,status,description,details,composition,care,price,compare_at_price,is_new,popularity,added_days_ago
1,bias-cut-silk-slip-dress,Bias-Cut Silk Slip Dress,women,1,active,"Cut on the bias so the satin falls close to the body without clinging. Fine adjustable straps, a cowl that sits just below the collarbone and a hem that brushes the ankle.",Cut on the bias|Adjustable straps|Ankle length|Unlined,100% mulberry silk satin,"Dry clean, or hand wash cold with a silk detergent.",245.00,,1,96,6
2,linen-shift-dress,Linen Shift Dress,women,1,active,"A sleeveless shift in washed linen that softens with every wear. Straight through the body, with a wide neckline and side seam pockets.","Relaxed, straight fit|Side seam pockets|Knee length|Garment washed",100% European linen,Machine wash at 30°C. Iron while damp.,165.00,,0,71,40
3,linen-wrap-dress,Linen Wrap Dress,women,1,active,"A long-sleeved wrap dress in fine dove grey linen, tied at the waist with a self belt. Calm, easy and made for warm evenings.",Wrap front with self tie|Long sleeves|Midi length,100% European linen,Machine wash at 30°C. Iron while damp.,185.00,230.00,0,64,75
4,rib-knit-midi-dress,Rib-Knit Midi Dress,women,1,active,"A fine rib that follows the body and stretches with it. Long sleeves, a crew neck and a hem that stops at mid calf, for days that start at the office and end at dinner.",Fine rib knit|Long sleeves|Mid-calf length,"70% merino wool, 30% cashmere",Hand wash cold or dry clean. Dry flat.,195.00,,1,83,9
5,column-evening-dress,Column Evening Dress,women,1,active,A long black column with gathered sleeves and a high round neck. Nothing to add except earrings.,Floor length|Gathered long sleeves|Concealed back zip,Triacetate and polyester crepe,Dry clean only.,295.00,,0,58,60
6,chunky-rib-sweater,Chunky Rib Sweater,women,2,active,"A thick English rib knitted from undyed wool, so the colour is the sheep's own. Dropped shoulders and a slightly cropped body.",English rib|Dropped shoulders|Slightly cropped,100% undyed wool,Hand wash cold or dry clean. Dry flat.,175.00,,1,90,4
7,cashmere-crewneck,Cashmere Crewneck,women,2,active,"Two-ply cashmere with a relaxed body and narrow ribbed cuffs. Light enough under a coat, warm enough on its own.",2-ply cashmere|Relaxed fit|Ribbed cuffs and hem,"100% Mongolian cashmere, 2-ply",Hand wash cold or dry clean. Dry flat.,225.00,,0,94,120
8,fine-merino-turtleneck,Fine Merino Turtleneck,women,2,active,"A close-fitting turtleneck in extra-fine merino: the base layer of a winter wardrobe, under tailoring or on its own.",Slim fit|Double-layer collar|Extra-fine 18.5 micron merino,100% extra-fine merino wool,Hand wash cold or dry clean. Dry flat.,125.00,,0,88,150
9,roll-neck-sweater,Roll-Neck Sweater,women,2,active,"A generous roll neck in lambswool and alpaca, oversized through the body and the sleeves.",Oversized fit|Deep roll neck|Brushed finish,"80% lambswool, 20% alpaca",Hand wash cold or dry clean. Dry flat.,165.00,210.00,0,62,200
10,poplin-shirt,Poplin Shirt,women,3,active,"A crisp, slightly oversized shirt in organic cotton poplin, with a long back and a soft collar that also looks right open.",Oversized fit|Longer back hem|Mother-of-pearl buttons,100% organic cotton poplin,Machine wash at 30°C. Do not tumble dry.,110.00,,0,80,180
11,silk-crepe-blouse,Silk Crepe Blouse,women,3,active,A V-neck blouse in silk crepe with loose short sleeves and covered buttons. It moves when you do.,V neck|Covered buttons|Loose fit,100% silk crepe de chine,"Dry clean, or hand wash cold with a silk detergent.",189.00,,1,74,12
12,satin-shirt,Satin Shirt,women,3,active,"A long, fluid shirt in champagne satin with a classic collar. Wear it tucked into trousers or loose over a slip.",Fluid satin|Classic collar|Long cuffs,Viscose satin,Hand wash cold. Iron on the reverse.,159.00,199.00,0,55,95
13,pleated-wide-leg-trousers,Pleated Wide-Leg Trousers,women,5,active,"High-waisted trousers with double pleats and a wide, straight leg that breaks on the shoe.",High waist|Double front pleats|Side and back pockets,Wool and viscose twill,Dry clean.,175.00,,0,85,70
14,pleated-midi-skirt,Pleated Midi Skirt,women,5,active,"Knife pleats that swing as you walk, set on a narrow elastic waistband.",Permanent knife pleats|Elastic waistband|Midi length,Recycled polyester,Machine wash cold. Hang to dry: the pleats come back by themselves.,145.00,,0,60,110
15,straight-leg-jeans,Straight-Leg Jeans,women,6,active,"A high rise and a straight leg cut long, to wear turned up once. Rigid denim that shapes to you within a few wears.",High rise|Straight leg|Rigid 13 oz denim|Button fly,"100% organic cotton denim, 13 oz","Wash inside out at 30°C, rarely.",135.00,,0,87,210
16,belted-wool-coat,Belted Wool Coat,women,7,active,"A wrap coat in double-faced wool and cashmere, with no lining and no buttons: just a belt and deep patch pockets.","Double-faced, unlined|Self belt|Patch pockets|Below-the-knee length","90% wool, 10% cashmere",Dry clean.,395.00,,1,92,3
17,classic-trench,Classic Trench,women,7,active,"The trench as it should be: double-breasted, storm flap, belted cuffs and a gabardine that shrugs off rain.",Double-breasted|Storm flap and belted cuffs|Water-repellent,Water-repellent cotton gabardine,Dry clean.,345.00,,0,82,160
18,oversized-blazer,Oversized Blazer,women,7,active,"A boxy single-breasted blazer with strong shoulders and a long line. Over a tee, over a dress, over everything.",Boxy fit|Single button|Fully lined,"Wool blend twill, viscose lining",Dry clean.,265.00,,0,79,85
19,cable-knit-crewneck,Cable-Knit Crewneck,men,2,active,"A traditional cable on a heavy British wool, knitted on old machines and finished by hand at the collar.",Traditional cables|Regular fit|Hand-linked collar,100% British wool,Hand wash cold or dry clean. Dry flat.,165.00,,0,77,140
20,merino-crewneck,Merino Crewneck,men,2,active,A fine gauge crewneck that sits flat under a jacket. The one you will buy twice.,Fine gauge|Regular fit|Fully fashioned,100% extra-fine merino wool,Hand wash cold or dry clean. Dry flat.,135.00,,0,84,230
21,merino-roll-neck,Merino Roll Neck,men,2,active,"A fine roll neck in ivory merino, for under a suit instead of a shirt.",Fine gauge|Slim fit|Double-layer collar,100% extra-fine merino wool,Hand wash cold or dry clean. Dry flat.,145.00,,1,73,15
22,oxford-shirt,Oxford Shirt,men,3,active,A button-down Oxford with a soft roll to the collar and a box pleat at the back.,Button-down collar|Back box pleat|Regular fit,100% cotton Oxford cloth,Machine wash at 30°C. Do not tumble dry.,115.00,,0,86,260
23,band-collar-linen-shirt,Band-Collar Linen Shirt,men,3,active,"A collarless shirt in heavy washed linen, with a short placket and a curved hem.",Band collar|Garment washed|Curved hem,100% European linen,Machine wash at 30°C. Iron while damp.,125.00,,1,69,20
24,linen-shirt,Linen Shirt,men,3,active,"A classic collar linen shirt in chambray blue, slightly crumpled on purpose.",Classic collar|Chest pocket|Regular fit,100% European linen,Machine wash at 30°C. Iron while damp.,120.00,150.00,0,66,100
25,wool-overshirt,Wool Overshirt,men,3,active,"Heavier than a shirt, lighter than a jacket. Two flap pockets and press studs.",Brushed wool|Two chest flap pockets|Press studs,Brushed wool blend,Dry clean.,215.00,,0,72,55
26,canvas-overshirt,Canvas Overshirt,men,3,active,"A washed cotton canvas overshirt with patch pockets, built to fade.",Washed canvas|Patch pockets|Boxy fit,100% cotton canvas,Machine wash at 30°C. Do not tumble dry.,165.00,,0,57,170
27,pleated-wool-trousers,Pleated Wool Trousers,men,5,active,"A single pleat, a high rise and a tapered leg in light tropical wool that travels well.",Single pleat|Side adjusters|Tapered leg,100% wool tropical,Dry clean.,175.00,,0,70,90
28,selvedge-straight-jeans,Selvedge Straight Jeans,men,6,active,"Raw indigo selvedge woven on shuttle looms, cut straight. They will fade where you live in them.",Raw selvedge denim|Straight leg|Copper rivets,"100% cotton selvedge denim, 14 oz","Wash inside out at 30°C, as rarely as you can.",165.00,,0,81,240
29,canvas-chore-jacket,Canvas Chore Jacket,men,7,active,"The French work jacket, in heavy ecru canvas with three patch pockets.",Three patch pockets|Corozo buttons|Unlined,"Organic cotton canvas, corduroy collar",Machine wash at 30°C. Do not tumble dry.,225.00,,1,68,18
30,camel-overcoat,Camel Overcoat,men,7,active,A single-breasted overcoat with a notch lapel and a straight cut that falls below the knee.,Single-breasted|Below-the-knee length|Half lined,"80% wool, 20% cashmere",Dry clean.,445.00,,0,89,45
31,double-breasted-overcoat,Double-Breasted Overcoat,men,7,active,"A six-button double-breasted coat in a soft oatmeal wool, with peak lapels and a half belt at the back.",Six-button double-breasted|Peak lapels|Half belt,Wool and alpaca,Dry clean.,495.00,,0,76,130
32,suede-trucker-jacket,Suede Trucker Jacket,men,7,active,The trucker jacket in a soft tobacco suede that gets better with age and weather.,Soft goat suede|Chest flap pockets|Adjustable waist tabs,"Goat suede, cotton lining",Professional leather clean only.,545.00,620.00,0,67,190
33,heavyweight-tee,Heavyweight Tee,unisex,4,active,"A dense, structured T-shirt that holds its shape wash after wash.",240 g jersey|Regular fit|Narrow ribbed collar,"100% organic cotton jersey, 240 g",Machine wash at 30°C. Do not tumble dry.,45.00,,0,93,300
34,knitted-polo,Knitted Polo,men,4,active,"A short-sleeved polo knitted in a ribbed cotton and silk, open at the collar.",Ribbed knit|Open collar|Short sleeves,Cotton and silk knit,Hand wash cold or dry clean. Dry flat.,125.00,,1,75,10
35,leather-tote,Leather Tote,unisex,9,active,A simple unlined tote in vegetable-tanned leather that darkens beautifully. Fits a laptop and a day.,Unlined|Inside pocket|Fits a 15-inch laptop,Full-grain vegetable-tanned leather,Wipe with a dry cloth. Feed with leather balm twice a year.,285.00,,0,91,280
36,canvas-market-tote,Canvas Market Tote,unisex,9,active,A heavy canvas tote for the market and the beach.,Heavy canvas|Long handles,Heavy cotton canvas,Spot clean.,75.00,,0,63,150
37,leather-barrel-bag,Leather Barrel Bag,women,9,active,"A small barrel bag on a long adjustable strap, worn across the body.",Adjustable strap|Zip closure|Small size,Smooth calf leather,Wipe with a dry cloth. Feed with leather balm twice a year.,195.00,,1,78,8
38,saddle-bag,Saddle Bag,women,9,active,A curved saddle bag with a single brass clasp.,Brass clasp|Adjustable strap,"Smooth calf leather, brass hardware",Wipe with a dry cloth. Feed with leather balm twice a year.,245.00,,0,65,115
39,leather-weekender,Leather Weekender,unisex,9,active,"A two-night bag in full-grain leather, with a detachable shoulder strap.",Detachable strap|Inner zip pocket|Cabin size,"Full-grain leather, cotton lining",Wipe with a dry cloth. Feed with leather balm twice a year.,395.00,,0,59,220
40,penny-loafers,Penny Loafers,men,8,active,"Goodyear-welted penny loafers on a leather sole, ready to be resoled for years.",Goodyear welted|Leather sole|Made in Italy,"Calf leather, leather sole",Wipe with a dry cloth. Feed with leather balm twice a year.,225.00,,0,80,175
41,suede-chelsea-boots,Suede Chelsea Boots,men,8,active,Chelsea boots in a soft tobacco suede on a light crepe-style rubber sole.,Elastic side panels|Pull tab|Rubber sole,"Suede upper, rubber sole",Brush after wear. Use a suede protector.,265.00,,0,74,125
42,leather-chelsea-boots,Leather Chelsea Boots,women,8,active,Slim Chelsea boots in polished dark brown leather.,Elastic side panels|Leather sole|3 cm heel,"Calf leather, leather sole",Wipe with a dry cloth. Feed with leather balm twice a year.,285.00,,0,71,135
43,minimal-leather-sneakers,Minimal Leather Sneakers,unisex,8,active,"Clean white leather sneakers with no logos, on a stitched rubber cupsole.",Stitched cupsole|Leather lining|No logos,"Calf leather, rubber cupsole",Wipe clean with a damp cloth.,165.00,,0,95,290
44,gum-sole-trainers,Gum-Sole Trainers,unisex,8,active,Low trainers in white leather and suede panels on a natural gum sole.,Suede panels|Gum rubber sole,"Leather and suede, gum rubber sole",Wipe clean. Brush the suede.,145.00,180.00,0,61,160
45,block-heel-mules,Block-Heel Mules,women,8,active,"Square-toe mules on a 6 cm block heel, with a wide padded strap.",6 cm block heel|Padded strap|Square toe,"Nappa leather, leather sole",Wipe with a dry cloth. Feed with leather balm twice a year.,185.00,,1,70,14
46,ribbed-wool-scarf,Ribbed Wool Scarf,unisex,10,active,"A long ribbed scarf in lambswool, generous enough to wrap twice.",Full rib|200 by 30 cm,100% lambswool,Hand wash cold or dry clean. Dry flat.,85.00,,0,64,145
47,cashmere-fringe-scarf,Cashmere Fringe Scarf,unisex,10,active,A light woven cashmere scarf with a hand-twisted fringe.,Woven cashmere|Hand-twisted fringe|190 by 70 cm,100% cashmere,Hand wash cold or dry clean. Dry flat.,165.00,,0,68,100
48,ribbed-beanie,Ribbed Beanie,unisex,10,active,A deep-cuffed beanie in a soft merino and cashmere rib.,Deep cuff|Fine rib,Merino and cashmere,Hand wash cold or dry clean. Dry flat.,55.00,,0,72,120
49,leather-belt,Leather Belt,unisex,10,active,A 3 cm belt in vegetable-tanned leather with a plain brass buckle.,3 cm wide|Solid brass buckle,"Vegetable-tanned leather, solid brass buckle",Wipe with a dry cloth. Feed with leather balm twice a year.,79.00,,0,66,250
50,printed-silk-scarf,Printed Silk Scarf,women,10,active,"A silk twill square printed with an archive botanical motif, edges rolled by hand.",90 by 90 cm|Hand-rolled edges,"100% silk twill, hand-rolled edges","Dry clean, or hand wash cold with a silk detergent.",125.00,,1,60,5
51,gold-huggie-hoops,Gold Huggie Hoops,women,11,active,"Small chunky hoops that hug the lobe, for every day.",Sold as a pair|Hinged closure,18k gold vermeil on sterling silver,Keep dry. Polish with a soft cloth.,95.00,,0,82,200
52,dome-ring,Dome Ring,women,11,active,A rounded dome ring with a mirror finish.,"Mirror polish|Sizes S (50), M (54), L (58)",18k gold vermeil on sterling silver,Keep dry. Polish with a soft cloth.,110.00,,0,58,210
