id,product_id,colour_id,size_id,sku,stock
1,1,6,1,HD-001-CHAM-XS,6
2,1,6,2,HD-001-CHAM-S,14
3,1,6,3,HD-001-CHAM-M,21
4,1,6,4,HD-001-CHAM-L,1
5,1,6,5,HD-001-CHAM-XL,10
6,1,1,1,HD-001-BLAC-XS,4
7,1,1,2,HD-001-BLAC-S,1
8,1,1,3,HD-001-BLAC-M,9
9,1,1,4,HD-001-BLAC-L,13
10,1,1,5,HD-001-BLAC-XL,2
11,2,7,1,HD-002-OAT-XS,2
12,2,7,2,HD-002-OAT-S,4
13,2,7,3,HD-002-OAT-M,15
14,2,7,4,HD-002-OAT-L,9
15,2,7,5,HD-002-OAT-XL,6
16,2,1,1,HD-002-BLAC-XS,5
17,2,1,2,HD-002-BLAC-S,2
18,2,1,3,HD-002-BLAC-M,16
19,2,1,4,HD-002-BLAC-L,4
20,2,1,5,HD-002-BLAC-XL,3
21,3,20,1,HD-003-DOVE-XS,8
22,3,20,2,HD-003-DOVE-S,1
23,3,20,3,HD-003-DOVE-M,21
24,3,20,4,HD-003-DOVE-L,12
25,3,20,5,HD-003-DOVE-XL,7
26,4,4,1,HD-004-ECRU-XS,3
27,4,4,2,HD-004-ECRU-S,15
28,4,4,3,HD-004-ECRU-M,19
29,4,4,4,HD-004-ECRU-L,13
30,4,4,5,HD-004-ECRU-XL,9
31,4,1,1,HD-004-BLAC-XS,8
32,4,1,2,HD-004-BLAC-S,10
33,4,1,3,HD-004-BLAC-M,15
34,4,1,4,HD-004-BLAC-L,8
35,4,1,5,HD-004-BLAC-XL,8
36,5,1,1,HD-005-BLAC-XS,8
37,5,1,2,HD-005-BLAC-S,0
38,5,1,3,HD-005-BLAC-M,3
39,5,1,4,HD-005-BLAC-L,8
40,5,1,5,HD-005-BLAC-XL,6
41,6,4,1,HD-006-ECRU-XS,3
42,6,4,2,HD-006-ECRU-S,15
43,6,4,3,HD-006-ECRU-M,13
44,6,4,4,HD-006-ECRU-L,13
45,6,4,5,HD-006-ECRU-XL,6
46,6,8,1,HD-006-OATM-XS,6
47,6,8,2,HD-006-OATM-S,7
48,6,8,3,HD-006-OATM-M,7
49,6,8,4,HD-006-OATM-L,13
50,6,8,5,HD-006-OATM-XL,7
51,7,8,1,HD-007-OATM-XS,4
52,7,8,2,HD-007-OATM-S,6
53,7,8,3,HD-007-OATM-M,15
54,7,8,4,HD-007-OATM-L,5
55,7,8,5,HD-007-OATM-XL,3
56,7,17,1,HD-007-OCHR-XS,0
57,7,17,2,HD-007-OCHR-S,14
58,7,17,3,HD-007-OCHR-M,7
59,7,17,4,HD-007-OCHR-L,7
60,7,17,5,HD-007-OCHR-XL,2
61,7,11,1,HD-007-CAME-XS,6
62,7,11,2,HD-007-CAME-S,4
63,7,11,3,HD-007-CAME-M,16
64,7,11,4,HD-007-CAME-L,3
65,7,11,5,HD-007-CAME-XL,1
66,8,1,1,HD-008-BLAC-XS,4
67,8,1,2,HD-008-BLAC-S,15
68,8,1,3,HD-008-BLAC-M,10
69,8,1,4,HD-008-BLAC-L,6
70,8,1,5,HD-008-BLAC-XL,1
71,8,3,1,HD-008-IVOR-XS,2
72,8,3,2,HD-008-IVOR-S,7
73,8,3,3,HD-008-IVOR-M,9
74,8,3,4,HD-008-IVOR-L,6
75,8,3,5,HD-008-IVOR-XL,4
76,9,11,1,HD-009-CAME-XS,8
77,9,11,2,HD-009-CAME-S,16
78,9,11,3,HD-009-CAME-M,16
79,9,11,4,HD-009-CAME-L,11
80,9,11,5,HD-009-CAME-XL,7
81,10,2,1,HD-010-WHIT-XS,8
82,10,2,2,HD-010-WHIT-S,0
83,10,2,3,HD-010-WHIT-M,10
84,10,2,4,HD-010-WHIT-L,15
85,10,2,5,HD-010-WHIT-XL,5
86,11,3,1,HD-011-IVOR-XS,1
87,11,3,2,HD-011-IVOR-S,9
88,11,3,3,HD-011-IVOR-M,18
89,11,3,4,HD-011-IVOR-L,2
90,11,3,5,HD-011-IVOR-XL,3
91,12,6,1,HD-012-CHAM-XS,6
92,12,6,2,HD-012-CHAM-S,4
93,12,6,3,HD-012-CHAM-M,9
94,12,6,4,HD-012-CHAM-L,1
95,12,6,5,HD-012-CHAM-XL,7
96,13,10,1,HD-013-STON-XS,9
97,13,10,2,HD-013-STON-S,15
98,13,10,3,HD-013-STON-M,12
99,13,10,4,HD-013-STON-L,9
100,13,10,5,HD-013-STON-XL,10
101,14,21,1,HD-014-GREY-XS,9
102,14,21,2,HD-014-GREY-S,14
103,14,21,3,HD-014-GREY-M,16
104,14,21,4,HD-014-GREY-L,12
105,14,21,5,HD-014-GREY-XL,5
106,14,10,1,HD-014-STON-XS,1
107,14,10,2,HD-014-STON-S,2
108,14,10,3,HD-014-STON-M,10
109,14,10,4,HD-014-STON-L,2
110,14,10,5,HD-014-STON-XL,4
111,15,25,1,HD-015-MID--XS,3
112,15,25,2,HD-015-MID--S,16
113,15,25,3,HD-015-MID--M,18
114,15,25,4,HD-015-MID--L,5
115,15,25,5,HD-015-MID--XL,4
116,16,11,1,HD-016-CAME-XS,10
117,16,11,2,HD-016-CAME-S,7
118,16,11,3,HD-016-CAME-M,21
119,16,11,4,HD-016-CAME-L,14
120,16,11,5,HD-016-CAME-XL,0
121,17,9,1,HD-017-SAND-XS,3
122,17,9,2,HD-017-SAND-S,15
123,17,9,3,HD-017-SAND-M,19
124,17,9,4,HD-017-SAND-L,9
125,17,9,5,HD-017-SAND-XL,9
126,18,9,1,HD-018-SAND-XS,5
127,18,9,2,HD-018-SAND-S,10
128,18,9,3,HD-018-SAND-M,9
129,18,9,4,HD-018-SAND-L,7
130,18,9,5,HD-018-SAND-XL,11
131,19,23,1,HD-019-NAVY-XS,9
132,19,23,2,HD-019-NAVY-S,15
133,19,23,3,HD-019-NAVY-M,16
134,19,23,4,HD-019-NAVY-L,11
135,19,23,5,HD-019-NAVY-XL,3
136,20,1,1,HD-020-BLAC-XS,9
137,20,1,2,HD-020-BLAC-S,9
138,20,1,3,HD-020-BLAC-M,3
139,20,1,4,HD-020-BLAC-L,1
140,20,1,5,HD-020-BLAC-XL,8
141,20,22,1,HD-020-CHAR-XS,2
142,20,22,2,HD-020-CHAR-S,7
143,20,22,3,HD-020-CHAR-M,9
144,20,22,4,HD-020-CHAR-L,11
145,20,22,5,HD-020-CHAR-XL,1
146,21,3,1,HD-021-IVOR-XS,7
147,21,3,2,HD-021-IVOR-S,0
148,21,3,3,HD-021-IVOR-M,21
149,21,3,4,HD-021-IVOR-L,8
150,21,3,5,HD-021-IVOR-XL,5
151,21,1,1,HD-021-BLAC-XS,5
152,21,1,2,HD-021-BLAC-S,14
153,21,1,3,HD-021-BLAC-M,4
154,21,1,4,HD-021-BLAC-L,4
155,21,1,5,HD-021-BLAC-XL,1
156,22,26,1,HD-022-PALE-XS,3
157,22,26,2,HD-022-PALE-S,6
158,22,26,3,HD-022-PALE-M,9
159,22,26,4,HD-022-PALE-L,8
160,22,26,5,HD-022-PALE-XL,4
161,22,2,1,HD-022-WHIT-XS,6
162,22,2,2,HD-022-WHIT-S,6
163,22,2,3,HD-022-WHIT-M,7
164,22,2,4,HD-022-WHIT-L,11
165,22,2,5,HD-022-WHIT-XL,5
166,23,4,1,HD-023-ECRU-XS,0
167,23,4,2,HD-023-ECRU-S,9
168,23,4,3,HD-023-ECRU-M,10
169,23,4,4,HD-023-ECRU-L,6
170,23,4,5,HD-023-ECRU-XL,10
171,24,27,1,HD-024-CHAM-XS,11
172,24,27,2,HD-024-CHAM-S,1
173,24,27,3,HD-024-CHAM-M,10
174,24,27,4,HD-024-CHAM-L,4
175,24,27,5,HD-024-CHAM-XL,11
176,24,24,1,HD-024-INDI-XS,4
177,24,24,2,HD-024-INDI-S,10
178,24,24,3,HD-024-INDI-M,16
179,24,24,4,HD-024-INDI-L,6
180,24,24,5,HD-024-INDI-XL,2
181,25,10,1,HD-025-STON-XS,7
182,25,10,2,HD-025-STON-S,13
183,25,10,3,HD-025-STON-M,2
184,25,10,4,HD-025-STON-L,14
185,25,10,5,HD-025-STON-XL,11
186,26,4,1,HD-026-ECRU-XS,10
187,26,4,2,HD-026-ECRU-S,12
188,26,4,3,HD-026-ECRU-M,12
189,26,4,4,HD-026-ECRU-L,6
190,26,4,5,HD-026-ECRU-XL,10
191,27,9,1,HD-027-SAND-XS,7
192,27,9,2,HD-027-SAND-S,16
193,27,9,3,HD-027-SAND-M,3
194,27,9,4,HD-027-SAND-L,5
195,27,9,5,HD-027-SAND-XL,1
196,28,24,1,HD-028-INDI-XS,8
197,28,24,2,HD-028-INDI-S,1
198,28,24,3,HD-028-INDI-M,10
199,28,24,4,HD-028-INDI-L,12
200,28,24,5,HD-028-INDI-XL,11
201,29,4,1,HD-029-ECRU-XS,8
202,29,4,2,HD-029-ECRU-S,2
203,29,4,3,HD-029-ECRU-M,21
204,29,4,4,HD-029-ECRU-L,6
205,29,4,5,HD-029-ECRU-XL,0
206,30,11,1,HD-030-CAME-XS,8
207,30,11,2,HD-030-CAME-S,13
208,30,11,3,HD-030-CAME-M,19
209,30,11,4,HD-030-CAME-L,13
210,30,11,5,HD-030-CAME-XL,2
211,31,8,1,HD-031-OATM-XS,3
212,31,8,2,HD-031-OATM-S,9
213,31,8,3,HD-031-OATM-M,16
214,31,8,4,HD-031-OATM-L,4
215,31,8,5,HD-031-OATM-XL,4
216,32,14,1,HD-032-TOBA-XS,3
217,32,14,2,HD-032-TOBA-S,7
218,32,14,3,HD-032-TOBA-M,7
219,32,14,4,HD-032-TOBA-L,14
220,32,14,5,HD-032-TOBA-XL,10
221,33,2,1,HD-033-WHIT-XS,3
222,33,2,2,HD-033-WHIT-S,9
223,33,2,3,HD-033-WHIT-M,12
224,33,2,4,HD-033-WHIT-L,8
225,33,2,5,HD-033-WHIT-XL,5
226,33,1,1,HD-033-BLAC-XS,3
227,33,1,2,HD-033-BLAC-S,3
228,33,1,3,HD-033-BLAC-M,7
229,33,1,4,HD-033-BLAC-L,11
230,33,1,5,HD-033-BLAC-XL,7
231,34,23,1,HD-034-NAVY-XS,5
232,34,23,2,HD-034-NAVY-S,15
233,34,23,3,HD-034-NAVY-M,13
234,34,23,4,HD-034-NAVY-L,9
235,34,23,5,HD-034-NAVY-XL,10
236,34,11,1,HD-034-CAME-XS,7
237,34,11,2,HD-034-CAME-S,3
238,34,11,3,HD-034-CAME-M,2
239,34,11,4,HD-034-CAME-L,6
240,34,11,5,HD-034-CAME-XL,4
241,35,13,16,HD-035-COGN-ONE-SIZE,8
242,36,10,16,HD-036-STON-ONE-SIZE,11
243,37,13,16,HD-037-COGN-ONE-SIZE,3
244,37,5,16,HD-037-CREA-ONE-SIZE,4
245,38,1,16,HD-038-BLAC-ONE-SIZE,8
246,39,15,16,HD-039-CHES-ONE-SIZE,10
247,40,15,10,HD-040-CHES-40,3
248,40,15,11,HD-040-CHES-41,8
249,40,15,12,HD-040-CHES-42,6
250,40,15,13,HD-040-CHES-43,15
251,40,15,14,HD-040-CHES-44,8
252,40,15,15,HD-040-CHES-45,8
253,40,1,10,HD-040-BLAC-40,8
254,40,1,11,HD-040-BLAC-41,7
255,40,1,12,HD-040-BLAC-42,9
256,40,1,13,HD-040-BLAC-43,0
257,40,1,14,HD-040-BLAC-44,9
258,40,1,15,HD-040-BLAC-45,0
259,41,14,10,HD-041-TOBA-40,3
260,41,14,11,HD-041-TOBA-41,9
261,41,14,12,HD-041-TOBA-42,13
262,41,14,13,HD-041-TOBA-43,3
263,41,14,14,HD-041-TOBA-44,4
264,41,14,15,HD-041-TOBA-45,4
265,42,16,6,HD-042-DARK-36,8
266,42,16,7,HD-042-DARK-37,6
267,42,16,8,HD-042-DARK-38,5
268,42,16,9,HD-042-DARK-39,9
269,42,16,10,HD-042-DARK-40,8
270,42,16,11,HD-042-DARK-41,10
271,43,2,6,HD-043-WHIT-36,10
272,43,2,7,HD-043-WHIT-37,0
273,43,2,8,HD-043-WHIT-38,1
274,43,2,9,HD-043-WHIT-39,11
275,43,2,10,HD-043-WHIT-40,6
276,43,2,11,HD-043-WHIT-41,4
277,43,2,12,HD-043-WHIT-42,5
278,43,2,13,HD-043-WHIT-43,1
279,43,2,14,HD-043-WHIT-44,5
280,43,2,15,HD-043-WHIT-45,9
281,44,2,6,HD-044-WHIT-36,4
282,44,2,7,HD-044-WHIT-37,5
283,44,2,8,HD-044-WHIT-38,16
284,44,2,9,HD-044-WHIT-39,15
285,44,2,10,HD-044-WHIT-40,11
286,44,2,11,HD-044-WHIT-41,7
287,44,2,12,HD-044-WHIT-42,9
288,44,2,13,HD-044-WHIT-43,6
289,44,2,14,HD-044-WHIT-44,11
290,44,2,15,HD-044-WHIT-45,8
291,45,12,6,HD-045-TAN-36,9
292,45,12,7,HD-045-TAN-37,8
293,45,12,8,HD-045-TAN-38,14
294,45,12,9,HD-045-TAN-39,11
295,45,12,10,HD-045-TAN-40,4
296,45,12,11,HD-045-TAN-41,4
297,46,22,16,HD-046-CHAR-ONE-SIZE,8
298,46,23,16,HD-046-NAVY-ONE-SIZE,9
299,47,11,16,HD-047-CAME-ONE-SIZE,8
300,47,21,16,HD-047-GREY-ONE-SIZE,1
301,48,11,16,HD-048-CAME-ONE-SIZE,9
302,49,12,2,HD-049-TAN-S,4
303,49,12,3,HD-049-TAN-M,9
304,49,12,4,HD-049-TAN-L,5
305,50,29,16,HD-050-PRIN-ONE-SIZE,3
306,51,28,16,HD-051-GOLD-ONE-SIZE,2
307,52,28,2,HD-052-GOLD-S,14
308,52,28,3,HD-052-GOLD-M,15
309,52,28,4,HD-052-GOLD-L,15
